sub_id,query_id,dataset,op_count_filter,op_count_join,op_count_traversal,op_count_aggregate,op_count_map,ast_depth,has_traversal,max_hops,input_cardinality_log,output_cardinality_log,selectivity,avg_degree,max_degree,degree_skew,num_projected_columns,has_index,join_fanout,estimated_shuffle_bytes_log,estimated_traversal_ops,hist_avg_runtime_ms,hist_runtime_variance,num_tables_joined,sql_median_ms,sql_std_ms,graph_median_ms,graph_std_ms,speedup,label,label_source,sql_status,graph_status,sql_failures,graph_failures,fallback_applied,fallback_reason,semantic_penalty,source_row_id
sub_0_r0,q_ogb_real_0001,ogb_real_queries,0.0,0.0,1.0,0.0,0.0,1.0,1.0,3.0,5.1815690994262695,2.1818435192108154,0.0010000000474974,7.677550792694092,436.0,1.1782097816467283,1.0,0.0,1.0,3.082426309585572,68335.2890625,-1.0,-1.0,1.0,5765.08,0.0,686.72,0.0,8.395,GRAPH,real_measurement,ok,ok,0,0,0,none,0,00a500e8ae75d0eaf838580224b15b0c0b7b20d0a355e65c2ee779ac117567f0
sub_0_r0,q_snb_real_0027,snb_real_queries,0.0,0.0,1.0,0.0,0.0,1.0,1.0,3.0,3.1872386932373047,0.3010300099849701,0.0010000000474974,23.58257484436035,391.0,1.3573168516159058,1.0,0.0,1.0,0.9542425274848938,13115.162109375,-1.0,-1.0,1.0,165.69,0.0,78.66,0.0,2.106,GRAPH,real_measurement,ok,ok,0,0,0,none,0,07db44b5daa59bac5d8c04aa6acbf4be6a3d6574eba0c7484619eaebc19b735a
sub_1_r0,q_ogb_real_0003,ogb_real_queries,0.0,0.0,0.0,1.0,0.0,1.0,0.0,0.0,3.8555190563201904,3.8555190563201904,1.0,0.0,0.0,0.0,2.0,0.0,1.0,5.059582233428955,0.0,-1.0,-1.0,1.0,3891.89,0.0,11675.67,0.0,0.333,SQL,real_measurement,ok,not_applicable_penalized,0,0,0,none,0,07f9526d37cfcfad58bd3c957629e983ad4f81b6d31bdffb2a6894defcf11693
sub_0_r0,q_snb_real_0020,snb_real_queries,0.0,0.0,1.0,0.0,0.0,1.0,1.0,3.0,3.1872386932373047,0.3010300099849701,0.0010000000474974,23.58257484436035,391.0,1.3573168516159058,1.0,0.0,1.0,0.9542425274848938,13115.162109375,-1.0,-1.0,1.0,8522.7,0.0,149.36,0.0,57.061,GRAPH,real_measurement,ok,ok,0,0,0,none,0,0e91fcb1ba36f1880e629153e5c039a075194de0ec60185725e50dafc7622d27
sub_0_r0,q_ogb_real_0038,ogb_real_queries,0.0,0.0,1.0,0.0,0.0,1.0,1.0,3.0,5.1815690994262695,2.1818435192108154,0.0010000000474974,7.677550792694092,436.0,1.1782097816467283,1.0,0.0,1.0,3.082426309585572,68335.2890625,-1.0,-1.0,1.0,18177.54,0.0,187.51,0.0,96.942,GRAPH,real_measurement,ok,ok,0,0,0,none,0,1e845dd7433ccce5201bb381f99943c6183b2453a3dacd8c413780a80d0af9c1
sub_1_r0,q_snb_real_0004,snb_real_queries,0.0,0.0,0.0,1.0,0.0,1.0,0.0,0.0,3.8555190563201904,3.8555190563201904,1.0,0.0,0.0,0.0,2.0,0.0,1.0,5.059582233428955,0.0,-1.0,-1.0,1.0,394.86,0.0,1184.58,0.0,0.333,SQL,real_measurement,ok,not_applicable_penalized,0,0,0,none,0,2086f12f82c25550260e35906f7e57e3ca0ffb799ee6efcf8b4e99f6f6b424cc
sub_1_r0,q_snb_real_0034,snb_real_queries,0.0,0.0,0.0,1.0,0.0,1.0,0.0,0.0,3.8555190563201904,3.8555190563201904,1.0,0.0,0.0,0.0,2.0,0.0,1.0,5.059582233428955,0.0,-1.0,-1.0,1.0,192.38,0.0,577.14,0.0,0.333,SQL,real_measurement,ok,not_applicable_penalized,0,0,0,none,0,21bb51a78ff004cb302677d7742d9baa339e8037540b6f24c17be958ee019864
sub_0_r0,q_ogb_real_0013,ogb_real_queries,0.0,0.0,1.0,0.0,0.0,1.0,1.0,3.0,5.1815690994262695,2.1818435192108154,0.0010000000474974,7.677550792694092,436.0,1.1782097816467283,1.0,0.0,1.0,3.082426309585572,68335.2890625,-1.0,-1.0,1.0,8567.5,0.0,578.63,0.0,14.807,GRAPH,real_measurement,ok,ok,0,0,0,none,0,25cae2afcc0464a76fc9f0a53dd352118a08301e86ebf6ae99b88e7f0a13caa5
sub_0_r0,q_ogb_real_0002,ogb_real_queries,0.0,0.0,1.0,0.0,0.0,1.0,1.0,3.0,5.1815690994262695,2.1818435192108154,0.0010000000474974,7.677550792694092,436.0,1.1782097816467283,1.0,0.0,1.0,3.082426309585572,68335.2890625,-1.0,-1.0,1.0,19591.44,0.0,512.79,0.0,38.206,GRAPH,real_measurement,ok,ok,0,0,0,none,0,27c2556e79cc8b72b498ffc6ef01e42b96fe0eac9562578618b3947375d58869
sub_1_r0,q_ogb_real_0026,ogb_real_queries,0.0,0.0,0.0,1.0,0.0,1.0,0.0,0.0,3.8555190563201904,3.8555190563201904,1.0,0.0,0.0,0.0,2.0,0.0,1.0,5.059582233428955,0.0,-1.0,-1.0,1.0,20309.49,0.0,60928.47,0.0,0.333,SQL,real_measurement,ok,not_applicable_penalized,0,0,0,none,0,2858bba5f053bb98c44177eca1ae84829f23334de0e11137b1ddee9bcca3b459
sub_1_r0,q_ogb_real_0055,ogb_real_queries,0.0,0.0,0.0,1.0,0.0,1.0,0.0,0.0,3.8555190563201904,3.8555190563201904,1.0,0.0,0.0,0.0,2.0,0.0,1.0,5.059582233428955,0.0,-1.0,-1.0,1.0,1008.05,0.0,3024.15,0.0,0.333,SQL,real_measurement,ok,not_applicable_penalized,0,0,0,none,0,2a13d909e3115610e7bafeaa456e25edf3b3dbff72dd6806a98872b6def6dc60
sub_0_r0,q_ogb_real_0007,ogb_real_queries,0.0,0.0,1.0,0.0,0.0,1.0,1.0,3.0,5.1815690994262695,2.1818435192108154,0.0010000000474974,7.677550792694092,436.0,1.1782097816467283,1.0,0.0,1.0,3.082426309585572,68335.2890625,-1.0,-1.0,1.0,4786.5,0.0,393.44,0.0,12.166,GRAPH,real_measurement,ok,ok,0,0,0,none,0,2c5a3e99c6d742ddea40d461757cfb02922f4c64790397e2959301a0d5df9f08
sub_1_r0,q_ogb_real_0013,ogb_real_queries,0.0,0.0,0.0,1.0,0.0,1.0,0.0,0.0,3.8555190563201904,3.8555190563201904,1.0,0.0,0.0,0.0,2.0,0.0,1.0,5.059582233428955,0.0,-1.0,-1.0,1.0,10575.61,0.0,31726.83,0.0,0.333,SQL,real_measurement,ok,not_applicable_penalized,0,0,0,none,0,2d8aba878a725936f04c3b5aed1ef0d644ea7fc92c3bc08b4b2b4c3c09734e74
sub_1_r0,q_snb_real_0019,snb_real_queries,0.0,0.0,0.0,1.0,0.0,1.0,0.0,0.0,3.8555190563201904,3.8555190563201904,1.0,0.0,0.0,0.0,2.0,0.0,1.0,5.059582233428955,0.0,-1.0,-1.0,1.0,4032.33,0.0,12096.99,0.0,0.333,SQL,real_measurement,ok,not_applicable_penalized,0,0,0,none,0,2fb6111d02802fc579aaeded58685979ae83aeb24f0b511d5ec346ae96b58335
sub_1_r0,q_ogb_real_0019,ogb_real_queries,0.0,0.0,0.0,1.0,0.0,1.0,0.0,0.0,3.8555190563201904,3.8555190563201904,1.0,0.0,0.0,0.0,2.0,0.0,1.0,5.059582233428955,0.0,-1.0,-1.0,1.0,9058.72,0.0,27176.16,0.0,0.333,SQL,real_measurement,ok,not_applicable_penalized,0,0,0,none,0,2fd77ff0431e273c9967e467c673ca536c34b3eb0e88b84be629ee3025085973
sub_0_r0,q_ogb_real_0001,ogb_real_queries,0.0,0.0,1.0,0.0,0.0,1.0,1.0,3.0,5.1815690994262695,2.1818435192108154,0.0010000000474974,7.677550792694092,436.0,1.1782097816467283,1.0,0.0,1.0,3.082426309585572,68335.2890625,-1.0,-1.0,1.0,3244.2,0.0,411.09,0.0,7.892,GRAPH,real_measurement,ok,ok,0,0,0,none,0,3cefea7edec657fe18b0febf1dea6bb853e00b5449b8d776ed8e38e09a092b2f
sub_1_r0,q_ogb_real_0001,ogb_real_queries,0.0,0.0,0.0,1.0,0.0,1.0,0.0,0.0,3.8555190563201904,3.8555190563201904,1.0,0.0,0.0,0.0,2.0,0.0,1.0,5.059582233428955,0.0,-1.0,-1.0,1.0,8228.5,0.0,24685.5,0.0,0.333,SQL,real_measurement,ok,not_applicable_penalized,0,0,0,none,0,3d60f7fa6eb66e7652032e5d5489939e18c55e46b55ecdf91520b637be2687ae
sub_1_r0,q_snb_real_0002,snb_real_queries,0.0,0.0,0.0,1.0,0.0,1.0,0.0,0.0,3.8555190563201904,3.8555190563201904,1.0,0.0,0.0,0.0,2.0,0.0,1.0,5.059582233428955,0.0,-1.0,-1.0,1.0,459.92,0.0,1379.76,0.0,0.333,SQL,real_measurement,ok,not_applicable_penalized,0,0,0,none,0,3fb9bd019cdaf15ae23ab37137335dc14c9c28e47b496e8c04750ef365156397
sub_1_r0,q_snb_real_0010,snb_real_queries,0.0,0.0,0.0,1.0,0.0,1.0,0.0,0.0,3.8555190563201904,3.8555190563201904,1.0,0.0,0.0,0.0,2.0,0.0,1.0,5.059582233428955,0.0,-1.0,-1.0,1.0,295.41,0.0,886.23,0.0,0.333,SQL,real_measurement,ok,not_applicable_penalized,0,0,0,none,0,412dc11f1bfaa83d83912b07813f8dae2161c2ccc8d6b6bba5176916dd7e48ec
sub_0_r0,q_snb_real_0028,snb_real_queries,0.0,0.0,1.0,0.0,0.0,1.0,1.0,3.0,3.1872386932373047,0.3010300099849701,0.0010000000474974,23.58257484436035,391.0,1.3573168516159058,1.0,0.0,1.0,0.9542425274848938,13115.162109375,-1.0,-1.0,1.0,147.98,0.0,109.52,0.0,1.351,GRAPH,real_measurement,ok,ok,0,0,0,none,0,4abe9bdc3b6fef1520bf708d489a80d8a0ed5c7715ee5c14e680fe513897d694
sub_1_r0,q_snb_real_0017,snb_real_queries,0.0,0.0,0.0,1.0,0.0,1.0,0.0,0.0,3.8555190563201904,3.8555190563201904,1.0,0.0,0.0,0.0,2.0,0.0,1.0,5.059582233428955,0.0,-1.0,-1.0,1.0,2165.38,0.0,6496.14,0.0,0.333,SQL,real_measurement,ok,not_applicable_penalized,0,0,0,none,0,4ce06c8dab570bf6abd6721ee86fab465f21085610aead3b73b615430b911c2b
sub_1_r0,q_ogb_real_0001,ogb_real_queries,0.0,0.0,0.0,1.0,0.0,1.0,0.0,0.0,3.8555190563201904,3.8555190563201904,1.0,0.0,0.0,0.0,2.0,0.0,1.0,5.059582233428955,0.0,-1.0,-1.0,1.0,7647.26,0.0,22941.78,0.0,0.333,SQL,real_measurement,ok,not_applicable_penalized,0,0,0,none,0,4d6aaf1153cc729de03e40fa2124213ac80dd47d0f3db2fbf94d97f21df59093
sub_0_r0,q_snb_real_0012,snb_real_queries,0.0,0.0,1.0,0.0,0.0,1.0,1.0,3.0,3.1872386932373047,0.3010300099849701,0.0010000000474974,23.58257484436035,391.0,1.3573168516159058,1.0,0.0,1.0,0.9542425274848938,13115.162109375,-1.0,-1.0,1.0,257.13,0.0,98.12,0.0,2.621,GRAPH,real_measurement,ok,ok,0,0,0,none,0,4d8dc4eb781b9577785b816017ea0535e6b848b62ba17ae1190027147db22e99
sub_0_r0,q_snb_real_0011,snb_real_queries,0.0,0.0,1.0,0.0,0.0,1.0,1.0,3.0,3.1872386932373047,0.3010300099849701,0.0010000000474974,23.58257484436035,391.0,1.3573168516159058,1.0,0.0,1.0,0.9542425274848938,13115.162109375,-1.0,-1.0,1.0,257.41,0.0,120.68,0.0,2.133,GRAPH,real_measurement,ok,ok,0,0,0,none,0,55a41b3660d06260b464506ae7a10f1a5b14f638ff5ca76af9450dcc28f3f6b2
sub_0_r0,q_ogb_real_0031,ogb_real_queries,0.0,0.0,1.0,0.0,0.0,1.0,1.0,3.0,5.1815690994262695,2.1818435192108154,0.0010000000474974,7.677550792694092,436.0,1.1782097816467283,1.0,0.0,1.0,3.082426309585572,68335.2890625,-1.0,-1.0,1.0,3948.35,0.0,364.16,0.0,10.842,GRAPH,real_measurement,ok,ok,0,0,0,none,0,56c3b59af5a32409ef7e7b383c9f9f36505a296871db6f701b8dc06f28f29611
sub_0_r0,q_ogb_real_0043,ogb_real_queries,0.0,0.0,1.0,0.0,0.0,1.0,1.0,3.0,5.1815690994262695,2.1818435192108154,0.0010000000474974,7.677550792694092,436.0,1.1782097816467283,1.0,0.0,1.0,3.082426309585572,68335.2890625,-1.0,-1.0,1.0,429.98,0.0,373.56,0.0,1.151,GRAPH,real_measurement,ok,ok,0,0,0,none,0,63b4a29f3ac10af4cf7106facff82b2da9b3863d4fe01a73f232c245682493b6
sub_1_r0,q_ogb_real_0044,ogb_real_queries,0.0,0.0,0.0,1.0,0.0,1.0,0.0,0.0,3.8555190563201904,3.8555190563201904,1.0,0.0,0.0,0.0,2.0,0.0,1.0,5.059582233428955,0.0,-1.0,-1.0,1.0,22672.71,0.0,68018.13,0.0,0.333,SQL,real_measurement,ok,not_applicable_penalized,0,0,0,none,0,68fbc0aea2fc2afe76024615cfc334fdbbcab03ad3788997ce342926e2c342e7
sub_1_r0,q_ogb_real_0025,ogb_real_queries,0.0,0.0,0.0,1.0,0.0,1.0,0.0,0.0,3.8555190563201904,3.8555190563201904,1.0,0.0,0.0,0.0,2.0,0.0,1.0,5.059582233428955,0.0,-1.0,-1.0,1.0,1890.09,0.0,5670.27,0.0,0.333,SQL,real_measurement,ok,not_applicable_penalized,0,0,0,none,0,6fa777622784867bc398b61ddd3335153de9139d9d175988bcce955c6adf54ed
sub_1_r0,q_snb_real_0012,snb_real_queries,0.0,0.0,0.0,1.0,0.0,1.0,0.0,0.0,3.8555190563201904,3.8555190563201904,1.0,0.0,0.0,0.0,2.0,0.0,1.0,5.059582233428955,0.0,-1.0,-1.0,1.0,309.9,0.0,929.7,0.0,0.333,SQL,real_measurement,ok,not_applicable_penalized,0,0,0,none,0,70cf3fd40dbbbb4bee40e445618871bba0c214e64f21e123e2dd1bd58788148d
sub_1_r0,q_ogb_real_0002,ogb_real_queries,0.0,0.0,0.0,1.0,0.0,1.0,0.0,0.0,3.8555190563201904,3.8555190563201904,1.0,0.0,0.0,0.0,2.0,0.0,1.0,5.059582233428955,0.0,-1.0,-1.0,1.0,21546.29,0.0,64638.87,0.0,0.333,SQL,real_measurement,ok,not_applicable_penalized,0,0,0,none,0,712a5461683741e5583809f3e353657c04c172726c4963fe8a627f42e5bf3a31
sub_1_r0,q_snb_real_0003,snb_real_queries,0.0,0.0,0.0,1.0,0.0,1.0,0.0,0.0,3.8555190563201904,3.8555190563201904,1.0,0.0,0.0,0.0,2.0,0.0,1.0,5.059582233428955,0.0,-1.0,-1.0,1.0,361.6,0.0,1084.8,0.0,0.333,SQL,real_measurement,ok,not_applicable_penalized,0,0,0,none,0,73acdb66be8a7f5ccf23fd2d5920cec15239f1b3912940ecdd1a07e05e25c939
sub_0_r0,q_snb_real_0017,snb_real_queries,0.0,0.0,1.0,0.0,0.0,1.0,1.0,2.0,3.1872386932373047,0.3010300099849701,0.0010000000474974,23.58257484436035,391.0,1.3573168516159058,1.0,0.0,1.0,0.9542425274848938,556.1378173828125,-1.0,-1.0,1.0,1660.96,0.0,256.72,0.0,6.47,GRAPH,real_measurement,ok,ok,0,0,0,none,0,7820ae9aa263d102a489e381dfef5e3feb6ee238e0e6674ce4be0df4e9253394
sub_0_r0,q_ogb_real_0050,ogb_real_queries,0.0,0.0,1.0,0.0,0.0,1.0,1.0,3.0,5.1815690994262695,2.1818435192108154,0.0010000000474974,7.677550792694092,436.0,1.1782097816467283,1.0,0.0,1.0,3.082426309585572,68335.2890625,-1.0,-1.0,1.0,19064.95,0.0,197.5,0.0,96.531,GRAPH,real_measurement,ok,ok,0,0,0,none,0,79de9ae0afa86939041ea11447f80ed18ea80ae6e7e16c786c5c068db52a9f1e
sub_1_r0,q_snb_real_0036,snb_real_queries,0.0,0.0,0.0,1.0,0.0,1.0,0.0,0.0,3.8555190563201904,3.8555190563201904,1.0,0.0,0.0,0.0,2.0,0.0,1.0,5.059582233428955,0.0,-1.0,-1.0,1.0,222.2,0.0,666.6,0.0,0.333,SQL,real_measurement,ok,not_applicable_penalized,0,0,0,none,0,7ec44e8aeb2ab52ae2d23853f99ed05e3fc2adbe9d9b1941060b10374de2f6ca
sub_0_r0,q_ogb_real_0002,ogb_real_queries,0.0,0.0,1.0,0.0,0.0,1.0,1.0,3.0,5.1815690994262695,2.1818435192108154,0.0010000000474974,7.677550792694092,436.0,1.1782097816467283,1.0,0.0,1.0,3.082426309585572,68335.2890625,-1.0,-1.0,1.0,13944.3,0.0,227.46,0.0,61.304,GRAPH,real_measurement,ok,ok,0,0,0,none,0,8479a1b89d1c6c4ddf2a35093e53052838f28437ae3edd0c98429c3587358820
sub_0_r0,q_snb_real_0034,snb_real_queries,0.0,0.0,1.0,0.0,0.0,1.0,1.0,2.0,3.1872386932373047,0.3010300099849701,0.0010000000474974,23.58257484436035,391.0,1.3573168516159058,1.0,0.0,1.0,0.9542425274848938,556.1378173828125,-1.0,-1.0,1.0,154.46,0.0,72.83,0.0,2.121,GRAPH,real_measurement,ok,ok,0,0,0,none,0,89540594fd2175ce6078800616d4bc8a5dad209a18fea189d82c29f2580aeb07
sub_1_r0,q_snb_real_0020,snb_real_queries,0.0,0.0,0.0,1.0,0.0,1.0,0.0,0.0,3.8555190563201904,3.8555190563201904,1.0,0.0,0.0,0.0,2.0,0.0,1.0,5.059582233428955,0.0,-1.0,-1.0,1.0,12397.3,0.0,37191.9,0.0,0.333,SQL,real_measurement,ok,not_applicable_penalized,0,0,0,none,0,97da6d0b782cb4273a456c761e52e11ac3fa0020a653f549ca2f36d7807b5228
sub_0_r0,q_snb_real_0018,snb_real_queries,0.0,0.0,1.0,0.0,0.0,1.0,1.0,2.0,3.1872386932373047,0.3010300099849701,0.0010000000474974,23.58257484436035,391.0,1.3573168516159058,1.0,0.0,1.0,0.9542425274848938,556.1378173828125,-1.0,-1.0,1.0,3902.16,0.0,373.31,0.0,10.453,GRAPH,real_measurement,ok,ok,0,0,0,none,0,9852ddd0f50aa293dd55ef165ff4e3da3bd87c100ee7a311c6653cb7f3f4eeaf
sub_1_r0,q_snb_real_0011,snb_real_queries,0.0,0.0,0.0,1.0,0.0,1.0,0.0,0.0,3.8555190563201904,3.8555190563201904,1.0,0.0,0.0,0.0,2.0,0.0,1.0,5.059582233428955,0.0,-1.0,-1.0,1.0,205.04,0.0,615.12,0.0,0.333,SQL,real_measurement,ok,not_applicable_penalized,0,0,0,none,0,9965ddfe119556852db758838b47d07571ed71ec08621f53c4e1f3f94483998f
sub_1_r0,q_ogb_real_0014,ogb_real_queries,0.0,0.0,0.0,1.0,0.0,1.0,0.0,0.0,3.8555190563201904,3.8555190563201904,1.0,0.0,0.0,0.0,2.0,0.0,1.0,5.059582233428955,0.0,-1.0,-1.0,1.0,26702.75,0.0,80108.25,0.0,0.333,SQL,real_measurement,ok,not_applicable_penalized,0,0,0,none,0,9e9b005f2184f21e4f33c408310da8490bb5f3574d5c2220b8cb2500ea6342c2
sub_1_r0,q_ogb_real_0007,ogb_real_queries,0.0,0.0,0.0,1.0,0.0,1.0,0.0,0.0,3.8555190563201904,3.8555190563201904,1.0,0.0,0.0,0.0,2.0,0.0,1.0,5.059582233428955,0.0,-1.0,-1.0,1.0,5896.66,0.0,17689.98,0.0,0.333,SQL,real_measurement,ok,not_applicable_penalized,0,0,0,none,0,9ebb93cf634b7e04897ea63563432e5bb68c710fb8c127d534fa5552e071beee
sub_1_r0,q_snb_real_0009,snb_real_queries,0.0,0.0,0.0,1.0,0.0,1.0,0.0,0.0,3.8555190563201904,3.8555190563201904,1.0,0.0,0.0,0.0,2.0,0.0,1.0,5.059582233428955,0.0,-1.0,-1.0,1.0,223.66,0.0,670.98,0.0,0.333,SQL,real_measurement,ok,not_applicable_penalized,0,0,0,none,0,9ed5cba5f811d00f5bea269600fcc3755534d29455c152859bb0bf9b9e20ab47
sub_1_r0,q_ogb_real_0002,ogb_real_queries,0.0,0.0,0.0,1.0,0.0,1.0,0.0,0.0,3.8555190563201904,3.8555190563201904,1.0,0.0,0.0,0.0,2.0,0.0,1.0,5.059582233428955,0.0,-1.0,-1.0,1.0,29536.78,0.0,88610.34,0.0,0.333,SQL,real_measurement,ok,not_applicable_penalized,0,0,0,none,0,a5595610c073914436e2cff273e969102400b757ac7b80aa6fbc7a4910d88a80
sub_0_r0,q_snb_real_0035,snb_real_queries,0.0,0.0,1.0,0.0,0.0,1.0,1.0,3.0,3.1872386932373047,0.3010300099849701,0.0010000000474974,23.58257484436035,391.0,1.3573168516159058,1.0,0.0,1.0,0.9542425274848938,13115.162109375,-1.0,-1.0,1.0,122.95,0.0,103.37,0.0,1.189,GRAPH,real_measurement,ok,ok,0,0,0,none,0,a65a3dbaf2048cca295693191c9befa58e9124af8058db4828c28c0a077abaf9
sub_1_r0,q_ogb_real_0004,ogb_real_queries,0.0,0.0,0.0,1.0,0.0,1.0,0.0,0.0,3.8555190563201904,3.8555190563201904,1.0,0.0,0.0,0.0,2.0,0.0,1.0,5.059582233428955,0.0,-1.0,-1.0,1.0,123756.57,0.0,371269.71,0.0,0.333,SQL,real_measurement,ok,not_applicable_penalized,0,0,0,none,0,a7a9f1e42ed6e94859cae149ac4c6bda87427e3b609550c3b14b62e8b908234f
sub_0_r0,q_snb_real_0036,snb_real_queries,0.0,0.0,1.0,0.0,0.0,1.0,1.0,3.0,3.1872386932373047,0.3010300099849701,0.0010000000474974,23.58257484436035,391.0,1.3573168516159058,1.0,0.0,1.0,0.9542425274848938,13115.162109375,-1.0,-1.0,1.0,198.93,0.0,62.49,0.0,3.183,GRAPH,real_measurement,ok,ok,0,0,0,none,0,abe7d110446aff956af622e3cd686b97e780cbafbb774ea4dcd0815fc7fe323e
sub_1_r0,q_snb_real_0027,snb_real_queries,0.0,0.0,0.0,1.0,0.0,1.0,0.0,0.0,3.8555190563201904,3.8555190563201904,1.0,0.0,0.0,0.0,2.0,0.0,1.0,5.059582233428955,0.0,-1.0,-1.0,1.0,190.04,0.0,570.12,0.0,0.333,SQL,real_measurement,ok,not_applicable_penalized,0,0,0,none,0,b017a5264b30c882191308bf49949ed302375245371f072355db6ea12f3d0c50
sub_0_r0,q_snb_real_0004,snb_real_queries,0.0,0.0,1.0,0.0,0.0,1.0,1.0,3.0,3.1872386932373047,0.3010300099849701,0.0010000000474974,23.58257484436035,391.0,1.3573168516159058,1.0,0.0,1.0,0.9542425274848938,13115.162109375,-1.0,-1.0,1.0,279.17,0.0,124.59,0.0,2.241,GRAPH,real_measurement,ok,ok,0,0,0,none,0,b4e8a76d78afe93297dabdcdda3062083ad6003f1423a212fb1b84eb2e85a01c
sub_0_r0,q_ogb_real_0049,ogb_real_queries,0.0,0.0,1.0,0.0,0.0,1.0,1.0,3.0,5.1815690994262695,2.1818435192108154,0.0010000000474974,7.677550792694092,436.0,1.1782097816467283,1.0,0.0,1.0,3.082426309585572,68335.2890625,-1.0,-1.0,1.0,4029.41,0.0,172.0,0.0,23.427,GRAPH,real_measurement,ok,ok,0,0,0,none,0,bba1099ce420cbb81f023a4ada5d7a7421f8fa5120d7f1462793c8c9a697e546
sub_0_r0,q_ogb_real_0032,ogb_real_queries,0.0,0.0,1.0,0.0,0.0,1.0,1.0,3.0,5.1815690994262695,2.1818435192108154,0.0010000000474974,7.677550792694092,436.0,1.1782097816467283,1.0,0.0,1.0,3.082426309585572,68335.2890625,-1.0,-1.0,1.0,20573.65,0.0,201.47,0.0,102.118,GRAPH,real_measurement,ok,ok,0,0,0,none,0,bf6af3b0c222767f26b40bc2e6b206ab74b6223b0a4cda19ff592974bb65e319
sub_1_r0,q_ogb_real_0037,ogb_real_queries,0.0,0.0,0.0,1.0,0.0,1.0,0.0,0.0,3.8555190563201904,3.8555190563201904,1.0,0.0,0.0,0.0,2.0,0.0,1.0,5.059582233428955,0.0,-1.0,-1.0,1.0,328.49,0.0,985.47,0.0,0.333,SQL,real_measurement,ok,not_applicable_penalized,0,0,0,none,0,c2fe293bd89b9407c61c7cec701d69b44105fa83edc33e94bde74bf6e25129d9
sub_1_r0,q_ogb_real_0043,ogb_real_queries,0.0,0.0,0.0,1.0,0.0,1.0,0.0,0.0,3.8555190563201904,3.8555190563201904,1.0,0.0,0.0,0.0,2.0,0.0,1.0,5.059582233428955,0.0,-1.0,-1.0,1.0,659.52,0.0,1978.56,0.0,0.333,SQL,real_measurement,ok,not_applicable_penalized,0,0,0,none,0,c408e2554a144bd5dc1cde71a786792961ae4d55ff2cacee8f2ef834f1a04869
sub_1_r0,q_ogb_real_0038,ogb_real_queries,0.0,0.0,0.0,1.0,0.0,1.0,0.0,0.0,3.8555190563201904,3.8555190563201904,1.0,0.0,0.0,0.0,2.0,0.0,1.0,5.059582233428955,0.0,-1.0,-1.0,1.0,28387.11,0.0,85161.33,0.0,0.333,SQL,real_measurement,ok,not_applicable_penalized,0,0,0,none,0,c526f40957ff3cc5d80d7e91dacb2638e0a3224e0951d574a5875bb9b2f17b2e
sub_0_r0,q_snb_real_0010,snb_real_queries,0.0,0.0,1.0,0.0,0.0,1.0,1.0,2.0,3.1872386932373047,0.3010300099849701,0.0010000000474974,23.58257484436035,391.0,1.3573168516159058,1.0,0.0,1.0,0.9542425274848938,556.1378173828125,-1.0,-1.0,1.0,274.73,0.0,106.67,0.0,2.576,GRAPH,real_measurement,ok,ok,0,0,0,none,0,c5697af16435eb083d7b711d7525a5c160c014dfae7ddd0383c3151ed4b16cd3
sub_0_r0,q_ogb_real_0025,ogb_real_queries,0.0,0.0,1.0,0.0,0.0,1.0,1.0,3.0,5.1815690994262695,2.1818435192108154,0.0010000000474974,7.677550792694092,436.0,1.1782097816467283,1.0,0.0,1.0,3.082426309585572,68335.2890625,-1.0,-1.0,1.0,1472.49,0.0,407.73,0.0,3.611,GRAPH,real_measurement,ok,ok,0,0,0,none,0,c58e28bed9f50b225810c967cd460be8c15f26136a4190e0633908dd7a351146
sub_0_r0,q_ogb_real_0026,ogb_real_queries,0.0,0.0,1.0,0.0,0.0,1.0,1.0,3.0,5.1815690994262695,2.1818435192108154,0.0010000000474974,7.677550792694092,436.0,1.1782097816467283,1.0,0.0,1.0,3.082426309585572,68335.2890625,-1.0,-1.0,1.0,17493.35,0.0,239.05,0.0,73.179,GRAPH,real_measurement,ok,ok,0,0,0,none,0,c6b5fe647fe7bc6e5ccb67f87d5efe8bac158b5e441ff1872b40608dc7c38094
sub_0_r0,q_ogb_real_0003,ogb_real_queries,0.0,0.0,1.0,0.0,0.0,1.0,1.0,4.0,5.1815690994262695,2.1818435192108154,0.0010000000474974,7.677550792694092,436.0,1.1782097816467283,1.0,0.0,1.0,3.082426309585572,524647.6875,-1.0,-1.0,1.0,3222.13,0.0,160.46,0.0,20.081,GRAPH,real_measurement,ok,ok,0,0,0,none,0,ca13ff5c1a858360f03bd983af0844de777bb39bce85d083883043332543a11f
sub_0_r0,q_ogb_real_0044,ogb_real_queries,0.0,0.0,1.0,0.0,0.0,1.0,1.0,3.0,5.1815690994262695,2.1818435192108154,0.0010000000474974,7.677550792694092,436.0,1.1782097816467283,1.0,0.0,1.0,3.082426309585572,68335.2890625,-1.0,-1.0,1.0,15911.69,0.0,317.71,0.0,50.082,GRAPH,real_measurement,ok,ok,0,0,0,none,0,ce7034873907bdc8e2d94b2c4fb2e106695d36d94e4328f9f3a03ec731e36677
sub_0_r0,q_ogb_real_0055,ogb_real_queries,0.0,0.0,1.0,0.0,0.0,1.0,1.0,3.0,5.1815690994262695,2.1818435192108154,0.0010000000474974,7.677550792694092,436.0,1.1782097816467283,1.0,0.0,1.0,3.082426309585572,68335.2890625,-1.0,-1.0,1.0,778.65,0.0,367.94,0.0,2.116,GRAPH,real_measurement,ok,ok,0,0,0,none,0,cea5baf411b1dc8cb51aa7b0b9de8d8f8f3c6cc915f55bf05a209f9902d6ba9b
sub_0_r0,q_ogb_real_0019,ogb_real_queries,0.0,0.0,1.0,0.0,0.0,1.0,1.0,3.0,5.1815690994262695,2.1818435192108154,0.0010000000474974,7.677550792694092,436.0,1.1782097816467283,1.0,0.0,1.0,3.082426309585572,68335.2890625,-1.0,-1.0,1.0,5025.39,0.0,476.8,0.0,10.54,GRAPH,real_measurement,ok,ok,0,0,0,none,0,e057923fad281de900e9c7e3db10782425686ed83dc73732527f52a192b99710
sub_1_r0,q_ogb_real_0049,ogb_real_queries,0.0,0.0,0.0,1.0,0.0,1.0,0.0,0.0,3.8555190563201904,3.8555190563201904,1.0,0.0,0.0,0.0,2.0,0.0,1.0,5.059582233428955,0.0,-1.0,-1.0,1.0,4716.62,0.0,14149.86,0.0,0.333,SQL,real_measurement,ok,not_applicable_penalized,0,0,0,none,0,e18ba42efe3e681e300ae7e39f969c4a4bb0618b8d6c464954127acb37b29602
sub_0_r0,q_snb_real_0009,snb_real_queries,0.0,0.0,1.0,0.0,0.0,1.0,1.0,2.0,3.1872386932373047,0.3010300099849701,0.0010000000474974,23.58257484436035,391.0,1.3573168516159058,1.0,0.0,1.0,0.9542425274848938,556.1378173828125,-1.0,-1.0,1.0,185.82,0.0,97.88,0.0,1.898,GRAPH,real_measurement,ok,ok,0,0,0,none,0,e4e61fe35230c442e415fba84e93efc6ca3e1ca8b544f26dd7d8302834e1a333
sub_0_r0,q_ogb_real_0004,ogb_real_queries,0.0,0.0,1.0,0.0,0.0,1.0,1.0,4.0,5.1815690994262695,2.1818435192108154,0.0010000000474974,7.677550792694092,436.0,1.1782097816467283,1.0,0.0,1.0,3.082426309585572,524647.6875,-1.0,-1.0,1.0,67099.19,0.0,345.51,0.0,194.203,GRAPH,real_measurement,ok,ok,0,0,0,none,0,ece36b7caef6db1bfacdf802860fc793c58a0d38780034d1eb67bb52361ac90c
sub_1_r0,q_snb_real_0025,snb_real_queries,0.0,0.0,0.0,1.0,0.0,1.0,0.0,0.0,3.8555190563201904,3.8555190563201904,1.0,0.0,0.0,0.0,2.0,0.0,1.0,5.059582233428955,0.0,-1.0,-1.0,1.0,192.4,0.0,577.2,0.0,0.333,SQL,real_measurement,ok,not_applicable_penalized,0,0,0,none,0,ecf4eedf0b33716e9131d879718c4a3191945e94a2831fdcff4e57e70791179b
sub_0_r0,q_ogb_real_0014,ogb_real_queries,0.0,0.0,1.0,0.0,0.0,1.0,1.0,3.0,5.1815690994262695,2.1818435192108154,0.0010000000474974,7.677550792694092,436.0,1.1782097816467283,1.0,0.0,1.0,3.082426309585572,68335.2890625,-1.0,-1.0,1.0,19789.85,0.0,278.39,0.0,71.087,GRAPH,real_measurement,ok,ok,0,0,0,none,0,f246222019087d7fee85626ad4918da203ac51f6f8ca9f7d4a87b8b9996e2b37
sub_1_r0,q_ogb_real_0032,ogb_real_queries,0.0,0.0,0.0,1.0,0.0,1.0,0.0,0.0,3.8555190563201904,3.8555190563201904,1.0,0.0,0.0,0.0,2.0,0.0,1.0,5.059582233428955,0.0,-1.0,-1.0,1.0,28247.52,0.0,84742.56,0.0,0.333,SQL,real_measurement,ok,not_applicable_penalized,0,0,0,none,0,f289b3d7dc23129736f435eedf4aebbca1832ca801f4e6660c1fc20330a372f2
sub_1_r0,q_snb_real_0033,snb_real_queries,0.0,0.0,0.0,1.0,0.0,1.0,0.0,0.0,3.8555190563201904,3.8555190563201904,1.0,0.0,0.0,0.0,2.0,0.0,1.0,5.059582233428955,0.0,-1.0,-1.0,1.0,171.88,0.0,515.64,0.0,0.333,SQL,real_measurement,ok,not_applicable_penalized,0,0,0,none,0,f4220319b678c410c5219cda83fc99b486c44011ec5963544d4de11197403f61
sub_1_r0,q_ogb_real_0031,ogb_real_queries,0.0,0.0,0.0,1.0,0.0,1.0,0.0,0.0,3.8555190563201904,3.8555190563201904,1.0,0.0,0.0,0.0,2.0,0.0,1.0,5.059582233428955,0.0,-1.0,-1.0,1.0,5316.51,0.0,15949.53,0.0,0.333,SQL,real_measurement,ok,not_applicable_penalized,0,0,0,none,0,f6eaab65bab837363e0637192cc7e90205ac6c80a3e30aeb93fa951d470cfcd5
sub_0_r0,q_ogb_real_0056,ogb_real_queries,0.0,0.0,1.0,0.0,0.0,1.0,1.0,3.0,5.1815690994262695,2.1818435192108154,0.0010000000474974,7.677550792694092,436.0,1.1782097816467283,1.0,0.0,1.0,3.082426309585572,68335.2890625,-1.0,-1.0,1.0,13708.45,0.0,171.47,0.0,79.947,GRAPH,real_measurement,ok,ok,0,0,0,none,0,f85816bd0f7f3e29b8b7389dbfb29bdffc701c893299a390fb5af16c6ee3ea7d
sub_1_r0,q_ogb_real_0050,ogb_real_queries,0.0,0.0,0.0,1.0,0.0,1.0,0.0,0.0,3.8555190563201904,3.8555190563201904,1.0,0.0,0.0,0.0,2.0,0.0,1.0,5.059582233428955,0.0,-1.0,-1.0,1.0,20510.73,0.0,61532.19,0.0,0.333,SQL,real_measurement,ok,not_applicable_penalized,0,0,0,none,0,f99db6ddfd2d1f573ff58b23a720a6cff234e8fc597a6a85d7f4228075b8d5c1
sub_0_r0,q_ogb_real_0037,ogb_real_queries,0.0,0.0,1.0,0.0,0.0,1.0,1.0,3.0,5.1815690994262695,2.1818435192108154,0.0010000000474974,7.677550792694092,436.0,1.1782097816467283,1.0,0.0,1.0,3.082426309585572,68335.2890625,-1.0,-1.0,1.0,263.2,0.0,425.15,0.0,0.619,SQL,real_measurement,ok,ok,0,0,0,none,0,fb870ab65e22485b753317c9bf97b0054faa2c0c96dd8aec7b33ecd7164f94a3
sub_0_r0,q_snb_real_0003,snb_real_queries,0.0,0.0,1.0,0.0,0.0,1.0,1.0,3.0,3.1872386932373047,0.3010300099849701,0.0010000000474974,23.58257484436035,391.0,1.3573168516159058,1.0,0.0,1.0,0.9542425274848938,13115.162109375,-1.0,-1.0,1.0,248.35,0.0,163.09,0.0,1.523,GRAPH,real_measurement,ok,ok,0,0,0,none,0,fc0daa2b3338c4523981948adcc01817074d8dd799e68b3fbea64200e86b87c8
